pk,center,radius,farm
10,POINT (35.886158 34.783242),2.0,9
11,POINT (35.886115 34.783037),3.0,9
12,POINT (35.88626 34.782921),4.0,9
13,POINT (35.886233 34.783204),2.0,10
14,POINT (35.886307 34.782916),4.0,10
15,POINT (35.886286 34.78478),2.0,11
16,POINT (35.886114 34.784876),2.0,11
